Chùa Sùng Phúc," Chùa Sùng Phúc được xây theo kiểu hình chữ Nhị, xung quanh xây tường đôi bằng gạch chịu lửa, tường xây theo kiểu bít đốc. Chùa có cổng tam quan và hậu cung được xây dựng theo kiến trúc thời nhà Lê, hoa văn trang trí tương đối đơn giản"
Chùa Sùng Phúc," Chùa hiện thờ đức Phật Quan Âm Bồ Tát, ở hậu cung có tượng Phật bà. Ngay khu bên trái thờ vị Thành Hoàng là ông Nguyễn Thành Vương, tức Nguyễn Đình Bá, quê ở thôn Bình Dân, phủ Khoái Châu, tỉnh Hưng Yên"
Chùa Sùng Phúc," Khi ông giữ chức Tri Châu Tư Lang, sử sách ghi nhận: Ông có công chiêu dân khẩn hoang lập bản được dân suy tôn là Tiên Công Thành Hoàng làng. Tiếp tục được sự tín nhiệm của quan trên và sự mến phục của nhân dân, ông đã giữ đến chức Đốc Đồng ở Cao Bằng"
Chùa Sùng Phúc," Đặc biệt, chùa còn thờ vi đồ Nguyễn Thị Duệ (người làng Kiệt Đặc, nay thuộc xã Văn An, huyện Chí Linh, tỉnh Hải Dương) - nữ tiến sĩ duy nhất trong lịch sử khoa cử phong kiến Việt Nam, đỗ đạt tại Trường Quốc học Bản Thảnh Cao Bằng (triều Mạc). Theo sử sách ghi lại, vào thời nhà Mạc, vua Mạc Kính Cung cho mở Trường Quốc học Bản Thánh (nay là Bản Thảnh) cứ ba năm một lần tổ chức thi hương, thi hội, thi đình"
Chùa Sùng Phúc," Liên tục qua 85 năm (1592 - 1677), Trường đã mở được 12 khoa thi, đào tạo được nhiều nhân tài, trong đó có nữ Tiến sĩ Nguyễn Thị Duệ. Khi còn nhỏ, bà Nguyễn Thị Duệ đã theo cha lên Cao Bằng"
Chùa Sùng Phúc," Vốn là người ham học, bà giả trai đổi tên thành Du, xin theo học thầy họ Cao cũng là người Hải Dương. Đến năm Bính Thìn (1616), mấy thầy trò cùng đi thi, kết quả thầy họ Cao đỗ thứ hai, còn bà đỗ đầu bảng"
Chùa Sùng Phúc," Sau khi đỗ đạt, bà được mời về cung tham dự yến tiệc chiêu đãi tân khoa. Trong yến tiệc, vua đã phát hiện bà là gái giả trai"
Chùa Sùng Phúc," Nhưng vì cảm mến trước tài đức của bà, nhà vua đã mời bà về ly cung Đống Lân để dạy học cho các hoàng tử, công chúa và kết duyên cùng bà, phong là Tinh Phi (Sao Sa). Năm 1625, vua Mạc Kính Cung bị tướng Trịnh Kiền của nhà Lê bắt và đưa về Thăng Long trị tội"
Chùa Sùng Phúc," Sau đó, bà Duệ đã chạy về Hạ Lang rồi xuất gia ở chùa Sùng Phúc,lấy pháp danh là Diệu Huyền, tên húy là Du, tên bản Huyền Du cũng được đặt theo tên bà. Trong thời gian ở chùa, bà thường dạy đạo lý và giảng về kinh Phật cho người dân vùng này"
Chùa Sùng Phúc,"Đến năm Tân Mùi (1631), biết tin bà ở Hạ Lang, chúa Trịnh Tráng đã đón bà về Thăng Long và phong cho chức Lễ Thi. Đến cuối đời, dù vua Lê và chúa Trịnh Tạc đều muốn giữ bà ở lại kinh sư, nhưng bà cương quyết từ chối, vì mong muốn về lại quê hương"
Chùa Sùng Phúc," Sau khi mất, mộ phần của bà được an táng tại quê nhà Hải Dương. Sau này để tưởng nhớ bà Duệ, người dân Hạ Lang (Cao Bằng)đã đúc tượng bà thờ trong chùa"
Chùa Sùng Phúc," Dưới thời vua Lê Hiển Tông, triều đình đã ban sắc phong cho khu liên phụng tự này và về sau ba triều vua nhà Nguyễn là: Duy Tân, Đồng Khánh, Khải Định cũng đều có sắc phong. Đây cũng là một điểm hiếm thấy ở các ngôi chùa trên dải đất Việt Nam"
Chùa Sùng Phúc," Hiện nay, trong chùa còn một tấm bia đá khắc dưới thời vua Lê Cảnh Hưng năm thứ 43. Tấm bia có nội dung bằng chữ Hán, ghi lại lịch sử và việc trùng tu chùa, truyền thống bảo vệ Tổ quốc cùng sự hiển linh chở che của vị thần bảo hộ đã đem lại cuộc sống ấm no thái bình cho nhân dân"
Chùa Sùng Phúc," Tấm bia đã được công nhậnlà di tích Lịch sử Văn hóa cấp Quốc gia tại Quyết định số 68 QĐ/BT ngày 29 tháng 01 năm 1993. Tính đến nay, chùa đã được tu bổ lại nhiều lần và hằng năm mở hội Tam Tổng vào các ngày 14, 15, 16 tháng Giêng Âm lịch"
Chùa Sùng Phúc," Vào ngày chính diễn ra lễ hội (ngày 15 tháng Giêng), nhân dân trong tỉnh và du khách thập phương đến trẩy hội rất đông vui. Lễ hội chùa Sùng Phúc rất phong phú với nhiều nội dung như: Nghi lễ dâng hương, tổ chức rước kiệu Quan Âm Bồ Tát, rước kiệu Thành Hoàng… Ngoài ra, lễ hội còn có màn múa rồng, múa sư tử, kỳ lân… và các trò chơi dân gian đặc trưng của địa phương"
Chùa Sùng Phúc," Không chỉ là nơithờ Phật và những người có công trên mảnh đất vùng biên ải, chùaSùng Phúccòn là nơi nhân dân tưởng nhớ, thờ phụng nữ Tiến sĩ Nguyễn Thị Duệ - một người phụ nữ tài đức trong xã hội phong kiến, bà chúa “Sao Sa” trong lòng nhân dân Việt Nam."
Chùa Tiêu Sơn,"Chùa tên Thiên Tâm Tự, thường gọi là chùa Tiêu, thuộc xã Tương Giang, thị xã Từ Sơn, tỉnh Bắc Ninh, cách Hà Nội 20 km về phía Bắc dọc theo quốc lộ 1A. Chùa được dựng từ thời Lý"
Chùa Tiêu Sơn," Chùa là nơi tu thiền và giảng pháp của nhiều cao tăng thời Lý, như Thiền sư Vạn Hạnh. SáchTừ điển di tích văn hóa Việt Nam(Hà Nội, 1993) giới thiệu chùa này xưa là nơi trụ trì của Thiền sư Vạn Hạnh đồng thời cũng là nơi sinh của vua Lý Thái Tổ"
Chùa Tiêu Sơn," Thiền sư đã có công nuôi dưỡng, giáo dục Lý Công Uẩn từ thời thơ ấu cho đến lúc trưởng thành, sau trở thành vị vua khai lập vương triều Lý. Sử xưa cho biết ở Viện Cảm Tuyền chùa Thiên Tâm có con chó đẻ con sắc trắng đốm đen thành hình hai chữ “Thiên tử” điều đó ứng với việc vua Lý Thái Tổ sinh năm Giáp Tuất rồi lên làm vua"
Chùa Tiêu Sơn," Chùa được trùng tu nhiều lần. Chùa gồm có: cổng chùa, ngôi chánh điện, nhà Tổ, nhà bia, đài Quán Thế Âm, khu vườn tháp và các công trình khác"
Chùa Tiêu Sơn," Cổng chùa hiện nay được xây năm 1986; đài Bồ tát Quán Thế Âm được dựng năm 2001 giữa hồ nước lớn trước chùa; nhà Tổ được dựng năm 2002 và ngôi chánh điện được dựng năm 2003. Ở chùa có tấm bia đá (cao 0,68m, ngang 0,40m) khắc bốn chữ: “Lý Gia Linh Thạch”, niên đại Cảnh Thịnh nguyên niên (1793) ghi chép sự tích về Lý Công Uẩn"
Chùa Tiêu Sơn," Điện Phật được bài trí trang nghiêm, thờ tượng Tam Thế Phật, Di Đà Tam Tôn …; các ban thờ Bồ tát Quán Thế Âm, động Quán Thế Âm, ban thờ Hộ Pháp, ban thờ Tôn giả A Nan và ban thờ Trưởng lão Cấp Cô Độc. Trên núi Tiêu có tượng Quốc sư Vạn Hạnh ngồi tọa thiền, cao 8m, mặt hướng về kinh thành Thăng Long, dựng năm 1992"
Chùa Tiêu Sơn," Chùa xưa từng lưu giữ ván in sáchThiền uyển tập anh,một tác phẩm ghi chép về các danh tăng Việt Nam có giá trị về văn học, sử học, triết học. Đặc biệt, chùa còn giữ tháp mộ và nhục thân Thiền sư Như Trí, viên tịch năm Quý Mão (1723), là vị trụ trì chùa, người có công khắc in cuốnThiền Uyển tập anh"
Chùa Tiêu Sơn,"Ngày 13/3/2004, nhục thân Ngài đã được PGS.TS Nguyễn Lân Cường cho thỉnh chuyển về chùa Duệ Khánh, xã Nội Duệ (Bắc Ninh) cách chùa 3 km để thực hiện dự án tu bổ - bảo quản"
Chùa Tiêu Sơn," Công việc hoàn thành vào ngày 26/9/2004. Khi tu bổ, các quy trình bọc vải, bó, hom, lót, thí, được thể hiện đầy đủ và thận trọng với 13 lớp sơn và thếp bạc"
Chùa Tiêu Sơn," Pho tượng gốc nặng 34kg, chiều cao ngồi 78,5cm được đặt ở nhà Tổ trong một khám sơn son thếp vàng có hộp kính kín dày 10mm, chứa đầy khí nitơ để bảo vệ. Tâm bia Tháp Viên Tuệ do Thiền phái Trúc Lâm dựng năm 2004 tại bảo tháp của Thiền sư Như Trí cho biết có thể Ngài là đệ tử nối pháp của Thiền sư Chân Nguyên, trụ trì chùa Long Động ở Yên Tử theo dòng kệ truyền pháp: Minh Chân Như Tính Hải Kim Tường Phổ Chiếu Thông Chí Đạo Thành Chính Quả Giác Ngộ Chứng Chân Không"
Chùa Tiêu Sơn,Chùa đã được Bộ Văn hóa và Thông tin công nhận là Di tích lịch sử - văn hóa quốc gia.
Thành cổ Bắc Ninh,"Thành cổ Bắc Ninh, công trình kiến trúc nghệ thuật quân sự tiêu biểu của tỉnh Bắc Ninh, được xây dựng từ năm 1805, thời vua Gia Long triều Nguyễn, trên địa phận các làng Đỗ Xá, huyện Võ Giàng (nay thuộc phường Ninh Xá), làng Hòa Ðình, huyện Tiên Du (nay thuộc phường Võ Cường) và làng Yên Xá, huyện Yên Phong (nay thuộc phường Vệ An), các địa danh trên nay đều thuộc thành phố Bắc Ninh. Đây là ngôi thành cổ đầu tiên của Việt Nam được xây dựng theo đồ án hình lục giác và là một trong bốn tòa thành đẹp nhất vùng Bắc Kỳ thời bấy giờ"
Thành cổ Bắc Ninh," Thành có diện tích 545.000 m2, tường cao 9 thước đắp bằng đất đá, sau thay bằng gạch đá, xung quanh có hào nước sâu bao bọc"
Thành cổ Bắc Ninh," Thành có 4 cổng, mỗi cổng đều có cầu đi qua hào, bên trong thành có sắp xếp các bộ phận gồm Doanh trấn thủ, Ðài bác vọng, Kho thuốc súng, Nhà công đồng. Theo lịch sử, thời nhà Nguyễn, Thành cổ Bắc Ninh là trung tâm bộ máy cai quản hành chính hai tỉnh Bắc Ninh - Thái Nguyên"
Thành cổ Bắc Ninh," Thời thuộc Pháp, xác định rõ vị trí tầm quan trọng của tòa Thành này, ngày 16/5/1925, toàn quyền Đông Dương đã ký quyết định xếp hạng di tích thành Bắc Ninh là công trình kiến trúc nghệ thuật tiêu biểu. Tháng 8/1945, sau khi bị Nhật xâm chiếm, nhân dân Bắc Ninh đã bao vây quân Nhật trong thành, tiến hành cuộc khởi nghĩa giành chính quyền, ép Nhật phải trả lại thành"
Thành cổ Bắc Ninh," Trong lịch sử đấu tranh của dân tộc Việt Nam, Thành cổ Bắc Ninh từng là một vị trí quân sự đặc biệt quan trọng, nằm trong tuyến phòng thủ phía Bắc, bảo vệ Thủ đô, ngăn chặn các đạo quân xâm lược trước cửa ngõ Kinh thành Thăng Long. Đây cũng là một trung tâm chính trị, quân sự, là lỵ sở của trấn Kinh Bắc (nay là tỉnh Bắc Ninh)"
Thành cổ Bắc Ninh," Thành cổ Bắc Ninh cũng là nơi ghi dấu những sự kiện gắn với quá trình phát triển của tỉnh và phong trào cách mạng của tỉnh Bắc Ninh do Đảng ta lãnh đạo. Năm 1980, Thành cổ được UBND tỉnh Hà Bắc xếp hạng Di tích lịch sử, kiến trúc nghệ thuật tiêu biểu và giao cho UBND thị xã Bắc Ninh (nay là thành phố Bắc Ninh) đảm nhận"
Thành cổ Bắc Ninh," Đến năm 2005, HĐND thành phố Bắc Ninh đã có Nghị quyết số 23/NQ-HĐND về việc bảo vệ và phát huy giá trị di tích lịch sử thành cổ Bắc Ninh. Tuy nhiên cho đến nay, ngôi Thành này chưa hề được tu bổ, tôn tạo; đặc biệt là sự xâm lấn của con người đã làm cho di tích ngày càng bị xuống cấp nghiêm trọng"
Thành cổ Bắc Ninh," Dấu tích còn lại của Thành cổ Bắc Ninh là ba cổng thành, một phần bờ thành và dãy hào sâu, 2 khẩu súng thần công, trong đó nổi bật là cổng tiền với đài gác vọng, cột cờ cao gần 20 mét. Những giá trị và hiện trạng của thành cổ Bắc Ninh nói riêng và những di sản văn hóa khác đang đặt ra yêu cầu cấp bách trong việc xây dựng quy hoạch bảo tồn và phát huy giá trị văn hóa, phát huy nguồn lực cho việc thực hiện mục tiêu chiến lược đưa Bắc Ninh trở thành thành phố trực thuộc Trung ương"
Thành cổ Bắc Ninh," Bảo tồn, tôn tạo thành cổ Bắc Ninh chính là việc làm thiết thực, góp phần phát triển kinh tế - xã hội nhanh và bền vững, đưa Bắc Ninh trở thành đô thị văn minh, hiện đại và hướng tới mục tiêu phát triển bền vững."
Di tích Pắc Bó,"Di tích PắcBóthuộcxãTrườngHà, huyệnHàQuảng, tỉnh Cao Bằng, cách TP. Cao Bằng 55km về phía bắc"
Di tích Pắc Bó," Pắc Bó là di tích cách mạng nổi tiếng, nơi Bác Hồ làm việc và trực tiếp lãnh đạo cách mạng ViệtNam. Tên Pắc Bó còn có nghĩa đen là “miệng nguồn”"
Di tích Pắc Bó," Pắc Bó có hang Cốc Bó được Chủ tịch Hồ Chí Minh chọn làm nơi ở sau hơn 30 năm bôn ba ở nước ngoài trở về Tổ quốc (08/02/1941) để trực tiếp lãnh đạo cách mạng ViệtNam. Các di tích ở khu này gồm có: - Hang Bo Bam, bãi Cò Rạc, Hang Cốc Bó - Suối Lê-nin, núi Các Mác"
Di tích Pắc Bó,- Suối Nậm: Nơi Chủ tịch Hồ Chí Minh trực tiếp huấn luyện cán bộ và tổ chức nhiều cuộc họp quan trọng của Trung ương. Ði trên những tảng đá nhám rêu phong dọc bờ suối là nơi Bác Hồ thường ngồi làm việc và câu cá sẽ đến một chiếc cầu gỗ bắc ngang cửa khe Cốc Bó
Di tích Pắc Bó,Ðây là nơi khởi nguồn của suối Lê-nin. Hang Pắc Bó hiện ra bên sườn núi đá lởm chởm
Di tích Pắc Bó," Ðứng ngoài cửa hang nhìn xuống, trên vách đá tranh tối tranh sáng còn thấy được dòng chữ của Người: ""Ngày 8 tháng 2 năm 1941"". Ðấy là ngày Bác đến ở hang này, một cái hang nhỏ, ẩm và lạnh, nằm sâu trong khe núi, chẳng mấy ai để ý tới"
Di tích Pắc Bó," Phía trước cửa hang Pắc Bó khoảng 1.000m, có một lán nhỏ bên sườn núi Khuổi Nậm"
Di tích Pắc Bó," Nơi đây Bác Hồ triệu tập Hội nghị Trung ương lần thứ Tám, ra nghị quyết chuẩn bị vũ trang khởi nghĩa, thành lập Việt Minh và Chiến khu cách mạng. Cách cái lán nhỏ này vài bước chân là đường biên giới Việt Trung - cột mốc 108"
Di tích Pắc Bó," Nơi đây, Bác Hồ đã cúi xuống ôm hôn mảnh đất Tổ quốc thân thương sau bao năm xa cách. Khi đó Bác đã 50 tuổi, mái tóc đã pha sương"
Di tích Pắc Bó," Thăm khu di tích lịch sử này, du khách hiểu sâu sắc hơn về cuộc đời vĩ đại của Chủ tịch Hồ Chí Minh, để rồi trong ký ức họ sống mãi những vần thơ lạc quan cách mạng của Người: ""Sáng ra bờ suối, tối vào hang Cháo bẹ rau măng vẫn sẵn sàng Bàn đá chông chênh dịch sử Ðảng Cuộc đời cách mạng thật là sang""."
Khu di tích rừng Trần Hưng Đạo,"Khu di tích Quốc gia đặc biệt rừng Trần Hưng Đạo nằm dưới chân núi Slam Cao thuộc địa bàn 2 xã Tam Kim, Hoa Thám (huyện Nguyên Bình, tỉnh Cao Bằng) và cách thành phố Cao Bằng khoảng 50km về phía tây nam. Đây là nơi lưu giữ một hệ thống các di tích gắn liền với giai đoạn lịch sử đặc biệt quan trọng của cách mạng Việt Nam và đến nay đã trở thành địa chỉ đỏ trên hành trình về nguồn Cao Bằng"
Khu di tích rừng Trần Hưng Đạo," Khu di tích quốc gia đặc biệt rừng Trần Hưng Đạo là nơi ghi dấu sự thành lập và hoạt động của Đội Việt Nam Tuyên truyền Giải phóng quân (Đội VNTTGPQ), tiền thân của Quân đội nhân dân Việt Nam. Đồng thời, đây cũng là nơi gắn liền với cuộc đời và sự nghiệp hoạt động cách mạng của Đại tướng Võ Nguyên Giáp - người học trò xuất sắc của Chủ tịch Hồ Chí Minh"
Khu di tích rừng Trần Hưng Đạo," Khu di tích gồm 5 điểm quan trọng: Cụm di tích rừng Trần Hưng Đạo (gồm Địa điểm thành lập Đội Việt Nam Tuyên truyền Giải phóng quân, Lán nghỉ và bếp ăn, mỏ nước phục vụ nước sinh hoạt, Đỉnh Slam Cao); Hang Thẳm Khẩu (xã Tam Kim) - từng được sử dụng làm trạm liên lạc, đưa cơm phục vụ cho các đồng chí hoạt động cách mạng; Đồn Phai Khắt (xã Tam Kim) - nơi diễn ra trận đầu ra quân của đội Việt Nam Tuyên truyền Giải phóng quân (25/12/1944); Đồn Nà Ngần (xã Hoa Thám) - nơi ghi dấu trận đánh thứ 2 giành thắng lợi của Đội Việt Nam Tuyên truyền Giải phóng quân (26/12/1944); di tích Vạ Phá (xã Tam Kim). Với những giá trị lịch sử này, năm 2013, Thủ tướng Chính phủ đã quyết định xếp hạng Di tích lịch sử Rừng Trần Hưng Đạo (huyện Nguyên Bình, tỉnh Cao Bằng) là di tích quốc gia đặc biệt"
Khu di tích rừng Trần Hưng Đạo," Từ đó, công tác bảo tồn, tôn tạo và phát huy giá trị di tích được địa phương đặc biệt quan tâm thông qua việc nâng cấp tuyến đường từ đèo Cao Bắc và tuyến đường từ tỉnh lộ 34 vào khu di tích, xây dựng và đưa vào sử dụng các công trình nhà đón tiếp, nhà tưởng niệm. Đặc biệt, Nhà trưng bày tại khu di tích sau khi được hoàn thành, đưa vào sử dụng đã góp phần tôn vinh và tri ân thế hệ đi trước, đồng thời bảo tồn, tôn tạo và phát huy giá trị khu di tích"
Khu di tích rừng Trần Hưng Đạo," Các hiện vật tại đây được trưng bày tập trung, đảm bảo tính khoa học và giá trị lịch sử chân thực theo 3 chủ đề: Cao Bằng - Đất nước, con người và truyền thống; Quá trình hình thành, ra đời và hoạt động của Đội VNTTGPQ; Quân đội anh hùng truyền thống vẻ vang. Đến với Khu di tích quốc gia đặc biệt rừng Trần Hưng Đạo, du khách không chỉ được tìm hiểu truyền thống lịch sử vẻ vang với nhiều điểm di tích mà còn được khám phá, chiêm ngưỡng vẻ đẹp của khu rừng nguyên sinh"
Khu di tích rừng Trần Hưng Đạo," Với diện tích rộng trên 201,7 ha, rừng Trần Hưng Đạo còn giữ được vẻ đẹp hoang sơ với bầu không khí trong lành và là điểm đến của hàng ngàn du khách trong nước cũng như quốc tế. Nằm sâu dưới những tán cây cổ thụ là nhà bia 34 chiến sĩ của Đội VNTTGPQ, lán nghỉ và bếp ăn mô phỏng lại cuộc sống đời thường giản dị của các chiến sĩ"
Khu di tích rừng Trần Hưng Đạo," Men theo con dốc nhỏ chừng 50m là mỏ nước tự nhiên, cũng là điểm lấy nước sinh hoạt của các chiến sĩ, trải qua nhiều năm vẫn cho ra những dòng nước mát lạnh và trong vắt. Cũng tại rừng Trần Hưng Đạo, cây sấu cổ thụ 300 năm tuổi từng gắn bó mật thiết với đời sống hàng ngày của Đội VNTTGPQ đã được công nhận là Cây di sản Việt Nam"
Khu di tích rừng Trần Hưng Đạo," Trải qua 75 năm, những dấu tích từ thuở đầu thành lập Đội VNTTGPQ luôn được đồng bào các dân tộc tỉnh Cao Bằng trân trọng và gìn giữ, góp phần giáo dục tinh thần yêu nước và truyền thống cách mạng cho các thế hệ trẻ sau này. Khu rừng nguyên sinh rộng lớn xòe từng tán cây, bao bọc những di tích thiêng thiêng trong tháng ngày hoạt động cách mạng gian khó của Đại tướng Võ Nguyên Giáp và Đội VNTTGPQ"
Thác Bản Giốc,"Thác Bản Giốc thuộc địa phận xã Đàm Thủy, huyện Trùng Khánh, tỉnh Cao Bằng. Bản Giốc là thác nước cao hùng vĩ và đẹp nhất của Việt Nam"
Thác Bản Giốc," Thác Bản Giốc của Việt Nam nổi tiếng là một trong những thác nước tự nhiên lớn nhất Đông Nam Á. Thác sở hữu vẻ đẹp đan xen giữa nét hùng vĩ, dữ dội với nét mộng mơ hiền hòa và trữ tình sâu lắng"
Thác Bản Giốc," Cách Thủ đô Hà Nội khoảng 335km, thác Bản Giốcnằm ở xã Đàm Thủy, huyện Trùng Khánh, tỉnh Cao Bằng.Đây là nhóm thác nước nằm trên dòng sông Quây Sơn, tại biên giới giữa Việt Nam và Trung Quốc"
Thác Bản Giốc," Từ độ cao hơn 60m với tầng dốc dài nhất 30m,những khối nước lớn đổ xuống qua nhiều tầng đá, cuồn cuộn tuôn chảy như những dải lụa trắng lấp lánh,uốn lượn mềm mại giữa sắc xanh bạt ngàn của núi rừng. Vào mùa mưa (khoảng tháng 5 đến tháng 11), thác Bản Giốc mang trong mình vẻ đẹp hùng vĩ và dữ dội"
Thác Bản Giốc," Tháng 9 – 10 là thời gian lý tưởng để khám phá thác Bản Giốc đầy nước trong xanh với dòng nước tuôn chảy tung bọt trắng xóa như sương tỏa mờ cả một vùng rộng lớn.Từ tháng 12 đến tháng 4 năm sau là mùa khô, dòng nước hiền hòa và êm đềm hơn"
Thác Bản Giốc," Lúc này, thác Bản Giốc đẹp như “nàng công chúa ngủ trong rừng”. Từng dòng nước xanh trong đổ xuống, cùng với những thửa ruộng chín vàng nối tiếp nhau dưới chân thác tạo nên một khung cảnh nên thơ trữ tình"
Thác Bản Giốc,"Du khách có thể lựa chọn thong dong ngắm cảnh trên những chiếc bè mộc mạc hay du ngoạn bằng thuyền kayak trên dòng sông Quây Sơn. Cao Bằng không chỉ hấp dẫn bởi cảnh sắc thiên nhiên mà còn thu hút du khách bởi những trải nghiệm văn hóa bản địa đặc sắc như: tìm hiểu phong tục tập quán của cộng đồng Tày, Nùng; lắng nghe người dân kể về những huyền thoại của vùng đất này; thưởng thức điệu Then ngọt ngào, sâu lắng, tay trong tay nhảy múa bên ánh lửa bập bùng; thưởng thức ẩm thực phong phú, đậm đà hương vị của miền non nước Cao Bằng…Đến với Cao Bằng để khám phá thác Bản Giốc, du khách không nên bỏ lỡ dịp thưởng thức ẩm thực nơi đây nổi tiếng với món đặc sản cá trầm hương, vịt quay 7 vị và vô số món ăn vặt khác như bánh khảo, bánh chè lam, bánh trứng kiến"
Thác Bản Giốc," Giữa bốn bề đại ngàn xanh thẳm, thác Bản Giốc hiện ra đẹp như một miền cổ tích làm xốn xang lòng người, hứa hẹn sẽ đem lại cho du khách những trải nghiệm hấp dẫn khi đến với nơi này."
Khu di tích Đông Khê,"Trận Đông Khê là trận tiến công địch trong công sự vững chắc lớn nhất của Việt Minh kể từ sau ngày độc lập tới thời điểm năm 1950. Trận đánh đã đánh dấu sự phát triển của quân đội Việt Minh, làm cơ sở cho sự hình thành chiến thuật sau này"
Khu di tích Đông Khê," Nằm trên một ngọn đồi cao ở thị trấn Đông Khê, huyện Thạch An, tỉnh cao Cao Bằng, đồn Đông Khê là nơi diễn ra trận đánh mở màn cho chiến dịch Biên giới thu – đông năm 1950, tạo tiền đề cho cuộc kháng chiến vĩ đại của dân tộc. Cụm di tích đồn Đông Khê bao gồm các di tích chủ yếu là hệ thống lô cốt và hầm ngầm của địch cùng nhiều công trình khác như hệ thống hàng rào, công sự, cổng đồn có ụ súng đặt hoả lực 12, các địa điểm đóng quân và đồn trú của địch"
Khu di tích Đông Khê," Đông Khê là cụm cứ điểm quan trọng trên tuyến phòng thủ Quốc lộ 4 của Pháp. Lực lượng địch gồm 2 đại đội lính lê dương và một trung đội ngụy quân, trang bị pháo 105mm, 57mm, pháo cối và hỏa lực mạnh khác"
Khu di tích Đông Khê," Từ ngày 16/9/1950, Tổng Tham mưu trưởng Hoàng Văn Thái trực tiếp chỉ huy trận Đông Khê nhằm tiêu diệt cụm cứ điểm Đông Khê, cô lập địch ở Cao Bằng, tạo điều kiện đánh viện binh địch trên Quốc lộ 4. Trận đánh này diễn ra theo 2 giai đoạn"
Khu di tích Đông Khê," Giai đoạn 1, từ 6h ngày 16/9/1950 đến rạng sáng 17/9/1950. Ta tiêu diệt các cứ điểm ngoại vi; tiến công địch liên tục, chiếm được 5 đồn tiền tiêu, nhưng chưa phát triển được"
Khu di tích Đông Khê," Địch tập trung hỏa lực và xung lực phản kích chiếm lại 3 đồn, gây cho ta nhiều khó khăn. Sang giai đoạn 2, từ 17h ngày 17/9/1950, Chỉ huy trưởng mặt trận để Trung đoàn 174 chuyển hướng đột phá từ hướng Bắc sang hướng Đông Bắc nhằm kiềm chế địch, để tập trung lực lượng tiêu diệt địch trong trung tâm, đồng thời thay đổi hướng tiến công chủ yếu sang phía Đông"
Khu di tích Đông Khê," 3 giờ ngày 18/9, pháo binh ta bắn vào các mục tiêu địch trong trung tâm. Trên các hướng, bộ đội ta xung phong tiến công và xuất hiện nhiều gương chiến đấu dũng cảm như Lý Văn Mưu, La Văn Cầu, Trần Cừ"
Khu di tích Đông Khê," Trước sức tiến công quyết liệt của bộ đội ta, địch phải lui về khu nhà chỉ huy cố thủ. 4h30 phút ngày 18/9, quân ta thọc sâu chiếm Sở chỉ huy, buộc số địch còn lại xin hàng, bắt chỉ huy trưởng cứ điểm và sĩ quan tham mưu"
Khu di tích Đông Khê," Đến 10 giờ cùng ngày, ta làm chủ trận địa, trận đánh kết thúc. Sau hơn 2 ngày chiến đấu với hình thức chiến thuật công kiên, ta chiếm được cứ điểm Đông Khê, đập vỡ mắt xích quan trọng trên tuyến phòng thủ Quốc lộ 4 của Pháp, loại khỏi vòng chiến đấu 300 quân Âu-Phi, thu toàn bộ vũ khí"
Khu di tích Đông Khê," Chiến thắng của trận Đông Khê đã tạo điều kiện quyết định cho chiến dịch phát triển, buộc địch phải rút khỏi Cao Bằng, tạo cơ hội cho ta tiêu diệt viện binh địch trong giai đoạn tiếp sau. Các sử gia sau này đánh giá, trận Đông Khê là trận tiến công địch trong công sự vững chắc lớn nhất của ta kể từ sau ngày độc lập tới thời điểm năm 1950"
Khu di tích Đông Khê," Trận đánh đã đánh dấu sự phát triển của quân đội Việt Minh, làm cơ sở cho sự hình thành chiến thuật sau này. Với ý nghĩa lịch sử to lớn, di tích Đông Khê đã được công nhận là di tích lịch sử cách mạng cấp quốc gia của Việt Nam"
Văn Miếu Bắc Ninh,"Văn miếu Bắc Ninh được khởi dựng vào thời Lê, thời kỳ Nho giáo có ảnh hưởng quan trọng tới nền chính trị của dân tộc, đây là một trong ít Văn miếu hàng tỉnh ở nước ta được xây dựng. Theo sách Đại Nam Nhất thống chí do Quốc Sử Quán triều Nguyễn biên soạn và bia “Trùng tu Bắc Ninh bi đình ký” dựng vào năm Duy Tân thứ 6 (1912) cho biết: “Văn miếu Bắc Ninh ở phía Đông Bắc tỉnh thành thuộc Sơn Phận xã Thị Cầu, huyện Võ Giàng được tu bổ vào năm Gia Long thứ nhất (1802), làm lại năm Triệu Trị thứ 4 (1844)”"
Văn Miếu Bắc Ninh," Tuy nhiên qua thời gian nhất là giai đoạn đất nước ta bị thực dân Pháp xâm lược, triều đình phong kiến nhà Nguyễn thiếu sự quan tâm, chú ý nên Văn miếu Bắc Ninh bị hư hại hoang phế. Đến năm Quý Tỵ, niên hiệu Thành Thái thứ 5 (1893), quan Đốc học tỉnh Bắc Ninh là Đỗ Trọng Vỹ, người xã Đại Mão, huyện Thuận Thành vận động các vị văn thân, chức sắc, nhân dân các địa phương góp tiền của chuyển Văn miếu về núi Phúc Sơn (nay thuộc Khu 10, phường Đại Phúc, thành phố Bắc Ninh)"
Văn Miếu Bắc Ninh," Sở dĩ nơi đây được lựa chọn vì theo quan niệm phong thủy của người xưa, núi Phúc Sơn là một ngọn núi mọc lên giữa vùng đồng bằng rộng lớn trù phú là nơi có vận khí tốt, việc xây dựng Văn miếu nơi đây tốt cho việc học, thuận lợi việc cúng tế hàng năm của tỉnh. Trước năm 1945, Văn miếu Bắc Ninh do Hội đồng trị sự quản lý, đứng đầu Hội đồng là quan Tổng đốc Bắc Ninh để chăm lo việc thờ phụng, tế lễ"
Văn Miếu Bắc Ninh," Hàng năm, việc tổ chức tế lễ tại Văn miếu vào dịp “xuân thu nhị kỳ” được ấn định vào các ngày Đinh đầu tháng 2 và ngày Đinh đầu tháng 8 Âm lịch, là sự kiện rất quan trọng của tỉnh nên được chuẩn bị hết sức chu đáo. Tham gia tế lễ là các quan đầu tỉnh và các địa phương"
Văn Miếu Bắc Ninh," Trước ngày chính lễ, Văn miếu được bao sái đồ thờ tự, phong cờ thần từ cổng vào hai bên đường lên. Lễ vật do Hội đồng trị sự chuẩn bị bao gồm: Trâu, dê, lợn, xôi quả phẩm, rượu"
Văn Miếu Bắc Ninh," Ngày chính lễ, Tổng đốc người đứng đầu tỉnh đi đầu ăn mặc chỉnh tề, tiếp sau là các quan hàng tỉnh, huyện, trương tuần hộ tống. Bên trong Văn miếu các nho sinh, kỳ mục ngồi chỉnh tề, tàn lọng nghi trượng trang nghiêm rực rỡ"
Văn Miếu Bắc Ninh," Thời gian tế lễ kéo dài tuân thủ nghiêm ngặt từng động tác, quy trình của nghi lễ dâng hương. Sau khi quan đầu tỉnh khai lễ xong, các quan viên hàng huyện, chánh tổng, nho sinh lần lượt vào lễ nêu cao truyền thống tôn sư trọng đạo của người dân xứ Bắc Ninh - Kinh Bắc"
Văn Miếu Bắc Ninh," Hiện nay, khuôn viên Văn miếu Bắc Ninh rộng trên 10.000m2 với các hạng mục công trình gồm: Tam quan được xây dựng bề thế với hai tầng mái uy nghiêm, trung tâm nội tự của Văn miếu là tòa Tiền tế 5 gian hai dĩ được kết nối với Hậu đường bằng một ống muống tạo thành hình chữ Công"
Văn Miếu Bắc Ninh," Toàn bộ tòa nhà làm bằng gỗ lim được chạm khắc hoa văn mây lá cách điệu, các đề tài tứ linh, tứ quí mang phong cách nghệ thuật thời Lê - Nguyễn. Hậu đường là nơi tôn nghiêm phụng thờ được bài trí ban thờ Khổng Tử, Tứ phối, các vị tiên hiền tiên triết"
Văn Miếu Bắc Ninh," Ngoài ra, Văn miếu còn có các hạng mục công trình Tả vu, Hữu vu, nhà bia tạo nên một quần thể công trình kiến trúc hoàn chỉnh hài hòa với cảnh quan xung quanh di tích. Trong Văn miếu Bắc Ninh còn lưu giữ hệ thống bia đá, trong đó tiêu biểu có văn bia bình phong “Bắc Ninh tỉnh trùng tu Văn miếu bi ký” và 12 bia “Kim bảng lưu phương”"
Văn Miếu Bắc Ninh," Bia “Bắc Ninh tỉnh trùng tu Văn miếu bi ký” dựng ngay trước sân Tiền tế, diện tích gần 10 m2 là bia có kích thước lớn nhất của tỉnh Bắc Ninh còn lưu giữ đến ngày nay. Bia do Tổng đốc Bắc Ninh là Nguyễn Đình Quý dựng vào năm 1928, hình dáng làm theo kiểu bức bình phong cột trụ, chạm khắc chữ và hoa văn hai mặt, đề tài trang trí với chủ đề rồng mây, tứ quý hết sức hài hòa, tinh xảo ở phần trán và cạnh bia"
Văn Miếu Bắc Ninh," Nội dung bia cho ta biết về quá trùng tu tôn tạo của Văn miếu và những đóng góp của các cá nhân, địa phương vào việc trùng tu xây dựng. Hai bên nhà bia đặt 12 tấm bia “Kim Bảng lưu phương” (Danh thơm lưu mãi bảng vàng) khắc năm 1889, ghi chép đầy đủ họ tên, quê quán, năm thi đỗ, chức vị của 677 vị tiến sỹ của vùng Kinh Bắc, từ khoa thi đầu tiên năm 1075 đến khoa thi năm 1919"
Văn Miếu Bắc Ninh," Đây là những hiện vật có giá trị đặc biệt về khoa học, lịch sử và nghệ thuật góp phần quan trọng vào việc nghiên cứu về Văn miếu và truyền thống khoa bảng của quê hương, đất nước. Trong những năm qua, tỉnh Bắc Ninh dành nhiều sự quan tâm tới di tích Văn miếu qua việc đầu tư kinh phí, các công trình kiến trúc được trùng tu tôn tạo, tài liệu hiện vật, đồ thờ tự được bổ sung, đường xá, cảnh quan được đầu tư mở rộng làm cho khu di tích ngày một khang trang tố hảo"
Văn Miếu Bắc Ninh," Vào ngày tết Thượng Nguyên (Rằm tháng Giêng) hàng năm, tỉnh Bắc Ninh tổ chức lễ dâng hương hết sức nghiêm cẩn, có sự tham gia của các đồng chí lãnh đạo tỉnh và các sở, ban ngành tại Văn miếu. Ngày nay, Văn Miếu Bắc Ninh là điểm đến thường xuyên của nhiều khách tham quan, các nhà khoa học về tham quan, nghiên cứu; nhiều ấn phẩm sách được xuất bản, các bài báo được in trên các tạp chí chuyên ngành góp phần đưa hình ảnh, giá trị của di tích tới nhân dân cả nước"
Văn Miếu Bắc Ninh," Tại Văn Miếu Bắc Ninh nhiều tổ chức, cá nhân, các dòng họ, các trường học… thường xuyên về dâng hương, trao thưởng về thành tích học tập, khuyến học và tưởng niệm các bậc tiên hiền, tiên triết nhằm giáo dục và phát huy truyền thống hiếu học, khoa bảngcho thế hệ trẻ của quê hương Bắc Ninh - Kinh Bắc."
Động Ngườm Ngao,"Động Ngườm Ngao nằm trong lòng một quả núi thuộc bản Gun (xã Đàm Thủy, huyện Trùng Khánh, Cao Bằng) cách thác Bản Giốc gần 5 km. Động được phát hiện năm 1921, đưa vào khai thác du lịch năm 1996 và được công nhận là danh thắng cấp quốc gia năm 1998"
Động Ngườm Ngao,Động có tên gọi rất lạ là Ngườm Ngao nhưng ẩn dưới cái tên này là sự tích kì thú.Ngườm Ngaotrong tiếng Tày có nghĩa là“Hang hổ”
Động Ngườm Ngao," Tương truyền rằng, xưa kia trong động có rất nhiều hổ dữ sinh sống, chúng thường vào các bản xung quanh để bắt gia súc của dân địa phương. Người dân đã đặt bẫy bắt hết được hổ và từ đó được sống yên lành"
Động Ngườm Ngao," Vì vậy, người dân tộc Tày mới đặt tên động làNgườm Ngao. Tuy nhiên cũng có truyền thuyết kể rằng những tiếng gầm rú được phát ra nhờ tiếng suối nước chảy trong động tạo lên nghe giống tiếng gầm của hổ dữ vì vậy người dân đặt tên động làNgườm Ngao"
Động Ngườm Ngao," Ngườm Ngao là một món quà vô giá mà thiên nhiên ban tặng cho Cao Bằng. Hang động có tổng chiều dài 2144 mét, gồm 3 cửa chính: Ngườm Ngao, Ngườm Lồm và Bản Thuôn"
Động Ngườm Ngao," Theo các nhà nghiên cứu khoa học, hang động này là hang động đá vôi được hình thành cách ngày nay khoảng400 triệu năm. Vào mùa hè, nhiệt độ trong hang động tạo cho du khách cảm giác mát mẻ, vào mùa đông thì lại rất ấm áp"
Động Ngườm Ngao," Bước vào trong động, cảnh quan thiên nhiên với nhiều khối nhũ đá lạ mắt sẽ làm du khách cảm thấy choáng ngợp. Vô vàn măng đá mọc từ dưới lên, nhũ đá từ trên các vòm đá cao rủ xuống với nhiều hình dạng, phản chiếu ánh sáng lung linh, huyền ảo"
Động Ngườm Ngao,"Đặc biệt nhũ đá trong động có màu khác hẳn với những hang động ở địa phương khác bởi lượng canxi pha nhiều tạp chất. Các khối đá vô tri nhưng lại cho phép trí tưởng tượng của con người thỏa sức bay bổng, phiêu du với những khối đá giống hình người, cây rừng, con vật, nàng tiên đang chải tóc, búp sen, bầu sữa mẹ"
Động Ngườm Ngao," Hai điểm thu hút du khách chụp ảnh nhất là đài sen úp ngược và cột đá cô đơn. Chuyện kể rằng, ngày xưa có một vị phật ngồi trên đài sen tu mãi mà không thành chính quả"
Động Ngườm Ngao," Vì quá buồn chán, nản chí nên ngài đã úp ngược đài sen xuống, còn mình thì biến thành cột đá đứng bên cạnh. Và từ đó, tương truyền rằng nếu như hứng được những giọt nước từ bàn tay Phật rớt xuống, rồi xoa lên mặt, người đó sẽ gặp được nhiều điều may mắn"
Động Ngườm Ngao," Càng đi sâu vào trong lòng động, vẻ đẹp càng lung linh, quyến rũ. Nhiều ngóc ngách chỉ một người đi lọt, hay có đoạn nhũ đá từ trần hang đột ngột chắn ngang lối đi, phải cúi gập người mới qua được"
Động Ngườm Ngao," Nét độc đáo tạo thành điểm nhấn của danh thắng Ngườm Ngao là những thửa ruộng bậc thang do sàn đá vôi bị xâm thực và phong hóa nhiều triệu năm tạo thành. Đôi khi, du khách sẽ bắt gặp những con suối nhỏ trong động và tiếng nước chảy róc rách nghe rất vui tai"
Động Ngườm Ngao," Tất cả đều hoàn toàn tự nhiên, không có bàn tay của con người can thiệp, vì vậy động Ngườm Ngao càng trở nên cuốn hút, mang vẻ đẹp hùng vĩ, tráng lệ. Mặc dù tỉnh Cao Bằng mới chỉ đưa vào khai thác khoảng 1km phục vụ khách du lịch khám phá, tham quan nhưng động Ngườm Ngao vẫn là một địa điểm du lịch không thể bỏ qua khi đến với Cao Bằng"
Thành cổ Luy Lâu,"Men theo con sông cổ vẫn được gọi là sông Dâu (nằm trên địa phận huyện Thuận Thành, tỉnh Bắc Ninh), du khách sẽ đến với thành Luy Lâu, nơi được coi là kinh đô thứ hai của nước ta sau Cổ Loa, là trung tâm văn hóa, giáo dục của đất nước từ thế kỷ thứ II. Trên con đường lổng chổng gạch vụn nằm tiếp giáp với sông Dâu"
Thành cổ Luy Lâu," Khung cảnh làng quê Kinh Bắc yên ả, thanh bình với đàn vịt khua chân trên sông, với rặng bạch đàn rì rào đón gió. Nếu không am hiểu về vùng đất này thì ít ai ngờ rằng, vùng đất đầy vẻ nguyên sơ và bình dị ấy lại mang trong mình những giá trị lớn về văn hóa và lịch sử"
Thành cổ Luy Lâu," Thuận Thành nổi tiếng với nhiều di tích lịch sử, nơi được coi là cái nôi của Phật giáo ViệtNam. Nằm bên con sông cổ, Chùa Dâu là ngôi chùa cổ nhất, nơi khởi nguồn đạo Phật ViệtNam"
Thành cổ Luy Lâu," Đó chỉ là một trong những di tích còn lại bên thành cổ Luy Lâu - đô thị cổ thứ hai của ViệtNamtừ thế kỷ thứ II sau Công nguyên. Theo sách Đại Việt sử ký toàn thư: ""Sỹ Nhiếp là người Trung Quốc, trong cuộc loạn lạc được vua Hán cho làm Thái thú Giao Chỉ"
Thành cổ Luy Lâu," Vì có công với Hán học ở nước ta, được giới Nho học suy tôn, gọi là Sỹ Vương, rồi sử cũ chép riêng một kỷ, gọi là kỷ Sỹ Nhiếp"". Luy Lâu là trung tâm, hoặc có thể gọi là kinh đô của đất nước trong vòng 40 năm (185 - 225)"
Thành cổ Luy Lâu," Sỹ Nhiếp lập trường dạy chữ Hán đầu tiên, truyền bá kinh Phật tại trung tâm Luy Lâu, được tôn vinh là Nam Giao học tổ. Ông cho xây dựng một hệ thống chùa dày đặc, lấy chùa Dâu làm trung tâm"
Thành cổ Luy Lâu," Thành Luy Lâu thuộc xã Thanh Khương, huyện Thuận Thành ngày nay. Qua nhiều lần khảo cổ, các nhà khoa học phát hiện nhiều hiện vật có giá trị và đã đưa ra đánh giá: Trước đây, chúng ta vẫn coi Luy Lâu là sở lị của chế độ phong kiến Bắc Thuộc, nhưng thực chất, đây còn là một đô thị cổ diễn ra nhiều hoạt động phong phú của người Việt"
Thành cổ Luy Lâu," Không chỉ thời nay, giá trị thành cổ Luy Lâu mới được biết đến, mà trước đây, sách Đại Việt sử ký toàn thư cũng đã nêu cao vai trò của người xây dựng nên thành Luy Lâu: ""Sử thần Ngô Sỹ Liên đánh giá: ""Nước ta được thông thi thư, tập lễ nhạc là một nước văn hiến là bắt đầu từ Sỹ Vương, công đức ấy không những chỉ ở đương thời mà có thể truyền mãi đời sau…"""". Với giá trị lịch sử to lớn, nhà nước đã sớm nghiên cứu và công nhận thành Luy Lâu là di tích lịch sử cấp quốc gia từ năm 1964"
Thành cổ Luy Lâu," Mặc dù thành Luy Lâu có từ thế kỷ thứ II sau Công nguyên, đã qua nhiều thăng trầm, chịu sự tàn phá của thiên nhiên, con người, nhưng vẫn còn lưu giữ được nhiều dấu tích cổ. Ông Nguyễn Duy Nhất, Giám đốc Ban quản lý di tích tỉnh Bắc Ninh cho biết: Thành Luy Lâu hiện còn giữ nguyên được một nửa thành cũ với diện tích 132"
Thành cổ Luy Lâu,258m2ở phía TâyNam. Phía Đông đã trở thành đất thổ cư của làng Lũng Khê
Thành cổ Luy Lâu," Bên trong thành có chùa Phi Tướng, chùa Bình. Chùa thờ tượng Sỹ Nhiếp có từ thời Lê Nguyễn"
Thành cổ Luy Lâu," Bờ thành bằng đất còn cao khoảng 1-2m, mặt thành rộng 1,5m. Trong khu vực thành còn đền, mộ, chùa, tứ trấn (4 gò đất nhô cao lên so với mặt thành)"
Thành cổ Luy Lâu," Đặc biệt, di tích cổ vẫn còn tồn tại từ thế kỷ thứ 2 chính là chiếc cầu đá, lối đi vào đền thờ Sỹ Nhiếp. Qua một số đợt khai quật, các nhà khảo cổ đã phát hiện nhiều cổ vật quý, dày đặc dưới lớp đất canh tác như: đồ gốm, gạch ngói thời Hán, hàng trăm lò nấu đồng, móng gạch có niên đại sớm và dấu tích của một kiến trúc cổ đã bị cháy… Năm 2006, Sở Văn hóa Thông tin tỉnh đã có kế hoạch trùng tu, tôn tạo và tới năm 2011 sẽ có hướng bảo tồn cụ thể"
Thành cổ Luy Lâu," Hiện nay, con sông cổ đang ngày bị thu hẹp lại do sinh hoạt của người dân. Tường thành thì luôn đứng trước nguy cơ bị con người xâm lấn, tàn phá… Thành Luy Lâu cần được đầu tư, phục dựng sớm để lưu giữ giá trị lịch sử còn lại với thời gian, để thế hệ sau này hiểu về một thời kỳ lịch sử thăng trầm của đất nước"
Lăng Kinh Dương Vương,"Có một khu di tích cổ gồm đền thờ,Lăng Kinh Dương Vương, người được tôn là bậc thủy tổ nước Nam, mở ra thời đại các vua Hùng, làm rạng rỡ non sông đất Việt, nằm tại ấpPhúc Thần, làng Thần Thủy, nước Xích Quỷ(nay là thôn Á Lữ, xã Đại Đồng Thành, huyện Thuận Thành, tỉnh Bắc Ninh) vẫn còn được ít người biết đến. Ngôi đền thờ và lăng mộ Thủy Tổ bình dị, khiêm nhường tọa lạc trên một khu đất bãi ven bờ ở ngoài đê, cách dòng Đuống ngày nay khoảng 500m"
Lăng Kinh Dương Vương," Lăng xưa, rợp bóng đại thụ, tạo cảnh quan tĩnh mịch, uy nghiêm. Thời thuộc Pháp khu lăng bị tàn phá trơ trụi, mãi đến năm 1971, nhân dân thôn Á Lữ mới có điều kiện quy hoạch và tôn tạo khang trang, thoáng mát mà vẫn đậm đặc dấu ấn của kiến trúc cổ"
Lăng Kinh Dương Vương," Lăng Kinh Dương Vương được ghép toàn bộ bằng đá xanh, kiến trúc đơn giản theo kiểu chồng diêm tám mái, tám đao dốc, nền lăng được tôn cao, xung quanh có tường rào bảo vệ. Mặt trước Lăng nhìn ra sông Đuống, có bậc đá lên xuống sát mép nước, tiếp đó là 4 trụ cổng tam môn bằng đá xanh cao vút với đôi rồng đá uốn mình, đầu ngẩng cao chầu vào và những trụ đèn lồng hai bên cánh phong đắp nổi hình các cư dân Việt cổ săn bắn, hái lượm như ta thường thấy trên mặt trống đồng"
Lăng Kinh Dương Vương," Kinh Dương Vương là ai? Đền thờ Kinh Dương Vương nằm phía trong đê. Tại gian tiền tế có hai bức đại tự: “Nam bang Thủy Tổ” (Ông Tổ nước Nam) và “Thần Tiên Thiên tử” (con của Thần, Tiên và Trời)"
Lăng Kinh Dương Vương," Gian hậu cung có 3 ngai thờ. Ngai giữa thờ Kinh Dương Vương với bức đại tự: “Nam bang Thủy Tổ”(Ông Tổ nước Nam;Bên phải thờ Lạc Long Quân với bức đại tự: “Hải khoát sơn tràng”(Sông rộng, núi dài); Bên trái thờ Âu Cơ với bức đại tự: “Bách Việt Tổ” (Tổ Bách Việt) và một số hoành phi, câu đối chữ Hán"
Lăng Kinh Dương Vương," Sách Đại Nam nhất thống chí chép rằng, vào năm 1840 thời vua Minh Mệnh, lăng được trùng tu Kinh Dương Vương có nguồn gốc từ phương Bắc. Nguyên Đế Minh là cháu bốn đời vua Thần Nông, đi tuần thú phương Nam, cưới Vụ Tiên nữ, sinh ra người con trai tư chất thông minh, sức khỏe hơn người, đặt tên là Lộc Tục và phong Lộc Tục làm vua phương Nam, cai trị đất nước khoảng từ năm 2879 TCN … Các cụ cao niên làng Á Lữ, nơi nghìn đời nối nhau giữ gìn, hương khói lăng mộ và đền thờ Thủy Tổ Kinh Dương Vương cho biết, nhân dân địa phương còn giữ được hàng chục sắc phong của các vương triều phong kiến, qua đó khẳng định nơi đây là lăng tẩm bậc đế vương, hàng năm thờ phụng theo nghi lễ quốc khánh, có quan triều đình về làm chủ lễ"
Lăng Kinh Dương Vương," Thần phả làng Á Lữ cũng ghi, Lộc Tục là một trang nam nhi có tư chất thông minh, tài đức hơn người. Sau khi được vua cha phong làm vua phương Nam, Lộc Tục thành lập bộ tộc Dâu, đóng lỵ sở tại Liên Lâu (Luy Lâu, nay thuộc huyện Thuận Thành, tỉnh Bắc Ninh), đặt Quốc hiệu là Việt Thường, xưng là Kinh Dương Vương, lấy Long Nữ là con gái Động Đình Quân, đẻ ra Sùng Lãm"
Lăng Kinh Dương Vương," Năm 2789 (TCN) đổi Quốc hiệu là Xích Quỷ (tên một ngôi sao có màu đỏ, sáng nhất trong 28 ngôi sao trong Nhị thập Bát Tú), rồi mất. Sùng Lãm nối ngôi vua cha, xưng là Lạc Long Quân"
Lăng Kinh Dương Vương," Lạc Long Quân kết quyên cùng Âu Cơ, sinh ra một trăm người con trai, trong đó người con cả tiếp tục được truyền ngôi, lấy hiệu là Hùng Vương (vua mạnh). Lớn lên, Hùng Vương thấy đất Luy Lâu trống trải, thắng thì có chỗ xông lên, nhưng thua thì không có đất lùi, mới dời lên Nghĩa Lĩnh (Phong Châu, Phú Thọ), có thế ỷ dốc, dựng đô, đổi Quốc hiệu là Văn Lang, chia nước làm 15 bộ"
Lăng Kinh Dương Vương," Bộ quê nhà gọi là bộ Vũ Ninh và truyền được 18 đời… Kinh Dương Vương mất ngày 18 tháng Giêng (không rõ năm) tại trang Phúc Khang, bộ Vũ Ninh (nay là thôn Á Lữ, xã Đại Đồng Thành, huyện Thuận Thành, tỉnh Bắc Ninh). Để tưởng nhớ Tổ tiên, hàng nghìn đời nay, vào ngày giỗ Kinh Dương Vương (18/1 âm lịch hàng năm), dân làng Á Lữ lại mở hội để tưởng nhớ đến người đã khai sinh đất Việt, cũng là việc tri ân các bậc Vương Tổ đã sinh ra vua Hùng, thể hiện đạo lý uống nước nhớ nguồn"
Lăng Kinh Dương Vương," Năm 2013,tỉnhBắc Ninhquy hoạch bảo tồn, tôn tạo và phát huy giá trị quần thể di tích lịch sử văn hoá quốc gia Lăng và Đền thờ Kinh Dương Vương đi kèm các dịch vụ phụ trợ để phát triển du lịch văn hoá tâm linh, nâng tầm lễ hội, xứng với vai trò, vị trí lịch sử của người được phụng thờ tại đây: Đức Kinh Dương Vương – người khai thiên lập quốc, vị Thủy Tổ của toàn dân tộc Việt."
Nhà thờ Chính tòa Bắc Ninh,"Khởi công xây dựng năm 1889, hoàn thành năm 1982, trùng tu năm 1990. Tòa Thánh ban đặc ân vĩnh viễn được hành hương để lãnh ơn Toàn Xá"
Nhà thờ Chính tòa Bắc Ninh," Khởi công xây dựng năm 1889, hoàn thành năm 1982, trùng tu năm 1990. Tòa Thánh ban đặc ân vĩnh viễn được hành hương để lãnh ơn Toàn Xá"
Nhà thờ Chính tòa Bắc Ninh," Ðịa điểm: Thị xã Bắc Ninh, Tỉnh Bắc Ninh.Tòa giám mục Bắc Ninh và nhà thờ chánh được đặt ở phường Ninh Xá, Thành phố Bắc Ninh"
Nhà thờ Chính tòa Bắc Ninh,Giáo phận Bắc Ninh (tiếng Latin: Dioecesis Bacninhensis) là một giáo phận Công giáo Roma Việt Nam.Giáo phận Bắc Ninh được thành lập vào ngày 29/5/1883
Nhà thờ Chính tòa Bắc Ninh,"Giáo phận Bắc Ninh nằm trên địa bàn 5 tỉnh: Bắc Ninh, Bắc Giang, Bắc Kạn, Thái Nguyên, Vĩnh Phúc; 3 huyện thuộc Thành Phố Hà Nội và một số xã, huyện thuộc các tỉnh: Lạng Sơn, Tuyên Quang, Hà Giang, Phú Thọ, Hưng Yên, Hải Dương. Dân cư vùng đồng bằng và trung du đa số sinh sống bằng nghề nông"
Nhà thờ Chính tòa Bắc Ninh," Vùng thượng du ngoài nghề nông là chủ yếu, còn có thêm phụ thu nhờ lâm sản. Một số sông lớn chảy trên địa bàn giáp phận là: sông Ðuống, sông Hồng, sông Thái Bình, sông Lô, sông Gầm, sông Cả, sông Ðáy Trên, sông Cầu, sông Công, sông Cà Lỗ, sông Thương, sông Lục Nam"
Nhà thờ Chính tòa Bắc Ninh," Sắc tộc Trên địa bàn giáo phận, miền thượng du có một số đồng bào dân tộc ít người như: Sán Dìu, HMông, Dao, Mèo, Cao Lan, Hoa, Tày, Nùng sinh sống."
Giếng Ngọc - Đền Cùng,"“Dù ai đi lễ bốn phương. Không bằng linh hiển thắp hương Đền Cùng"""
Giếng Ngọc - Đền Cùng," Với những câu chuyện nhiệm màu, linh thiêng được kể bao đời, Đền Cùng - Giếng Ngọc là điểm đến tâm linh thu hút dòng khách thập phương từ muôn nơi đổ về, nhất là dịp đầu xuân năm mới. Đền Cùng - Giếng Ngọc ở khu Viêm Xá, phường Hòa Long, thành phố Bắc Ninh (còn gọi là làng Diềm), là chốn địa linh, hiển ứng thờ Mẫu Tam Phủ từ ngàn xưa"
Giếng Ngọc - Đền Cùng," Sự linh hiển của Đền Cùng đã nổi tiếng khắp dân gian từ lâu đời, từ thời Tiền Lý, Tiền Lê, thời Lý quan quân triều đình đánh giặc dọc tuyến sông Cầu, có đến chốn này cầu đảo và đều được ứng nghiệm đánh bại quân xâm lược… Ngày nay nơi đây là địa điểm thu hút đông đảo khách thập phương về thăm quan, cầu tình duyên, công danh sự nghiệp, gia đạo tốt lành. Bước qua cổng tam quan của Đền Cùng ta thấy một quần thể kiến trúc hài hòa, cổ kính"
Giếng Ngọc - Đền Cùng," Không gian nơi đây rất thoáng đãng với nhiều cây cổ thụ rợp bóng mát, khiến du khách đến đây luôn cảm thấy yên bình và trong lành. Nằm giữa sân Đền Cùng là giếng Ngọc"
Giếng Ngọc - Đền Cùng," Vào những ngày nóng bức, sau khi thăm quan và vào Đền dâng lễ, du khách thường không quên xin nước uống trong giếng Ngọc. Giếng Ngọc có hình bán nguyệt, rộng chừng 20m2, gồm 11 bậc gạch, 4 bậc đá và 1 bậc gỗ lim ở sát mép giếng"
Giếng Ngọc - Đền Cùng," Dưới đáy giếng là lớp đá ong tự nhiên sâu khoảng 10m, nước giếng Ngọc màu xanh trong, có thể nhìn xuống tận đáy. Để lấy nước, du khách phải để giày, dép trên bờ và đi chân trần xuống dưới"
Giếng Ngọc - Đền Cùng," Nước múc lên từ giếng có thể uống trực tiếp mà không cần lọc hay đun sôi, sẽ thấy vị mát lành và ngọt tự nhiên không đâu sánh được. Theo người dân làng Diềm, do nguồn nước chảy từ trong núi, thấm qua tầng tầng lớp lớp đá ong đã tạo nên vị ngọt, mát hiếm có"
Giếng Ngọc - Đền Cùng," Bởi thế, người làng Diềm thường lấy nước giếng Ngọc về để pha trà đãi khách, nấu rượu dùng trong các dịp trọng đại của gia đình và dòng họ. Đối với du khách đến tham quan và cúng lễ Đền Cùng, nước Giếng Ngọc không chỉ đơn thuần là giải khát, mà còn tin rằng giúp khỏe mạnh, minh mẫn"
Giếng Ngọc - Đền Cùng," Do đó, nhiều người mang theo cả bình đựng để xin nước giếng mang về với mong ước rước may mắn, tài lộc đến cho gia đình. Làng Diềm vốn nổi tiếng là cái nôi của những làn điệu dân ca quan họ, để có được giọng ca Quan họ “vang, rền, nền, nảy” say đắm lòng người, người dân làng Diềm cũng tin rằng nhờ uống nước Giếng Ngọc mà có"
Giếng Ngọc - Đền Cùng," Dù chưa thể khẳng định thực hư tác dụng thần kỳ của dòng nước nhưng những ai từng nghe các làn điệu quan họ nơi đây, sẽ không khó để nhận ra sự lắng đọng, ngọt ngào rất đặc trưng từ sâu trong giọng hát của các liền anh, liền chị. Dù được du khách và người dân trong vùng lấy về dùng nhiều nhưng từ trước đến nay, nước Giếng Ngọc chưa bao giờ cạn, thậm chí cả trong mùa hạn hán"
Giếng Ngọc - Đền Cùng," Vào những ngày mực nước xuống thấp, du khách đến thăm viếng sẽ dễ dàng nhìn thấy ba “cụ cá thần” bơi lội trong lòng giếng. Sở dĩ cá trong giếng được người dân tôn gọi là thần bởi không ai trong làng Diềm biết chính xác ba ông cá này có từ bao giờ"
Giếng Ngọc - Đền Cùng," Người làng cho rằng, ba “cụ cá thần” là hóa thân của hai nàng công chúa Ngọc Dung và Thủy Tiên cùng một nàng hầu. Đền Cùng là nơi thờ tự hai nàng công chúa triều Lý vốn có công lập làng và truyền nghề cho dân"
Giếng Ngọc - Đền Cùng," Đến thời vua Bảo Thái đã cho dựng quy mô ngôi đền trên những cột đá, mà ngày nay vẫn còn lại chứng tích. Các triều đại về sau đều có sắc phong tặng Mẫu được thờ ở đây"
Giếng Ngọc - Đền Cùng," Trải qua trận lụt năm 1957, 1971 khiến nước tràn miệng giếng nhưng ba ông cá vẫn sống trụ tại đây mà không hề bơi đi nơi khác. Người dân trong làng cũng nhiều lần thả vào trong giếng một số loài cá và rùa, nhưng lạ thay không lâu sau chúng đều chết hoặc bò đi nơi khác"
Giếng Ngọc - Đền Cùng," Với những câu chuyện nhiệm màu, linh thiêng được kể bao đời. Ngày nay, du khách thập phương về với Đền Cùng Giếng Ngọc không chỉ để đi lễ cầu may, cầu khấn những điều tốt lành mà còn muốn tự tay xuống xin nước trong lòng giếng, nhấp một ngụm để cảm nhận hương vị tinh túy của một làng quê quan họ"
Làng tranh Đông Hồ,"Sau khi in thành tranh, kể cả lúc tranh khô, người xem vẫn cảm nhận được màu sắc của tranh thật tươi tắn như lúc tranh ướt. Các hình khối, mảng màu nọ đặt cạnh mảng màu kia"
Làng tranh Đông Hồ," Hỡi cô thắt lưng bao xanh Có về làng Mái với anh thì về Làng Mái có lịch có lề Có ao tắm mát có nghề làm tranh. Ðông Hồ - một cái tên làng quen thuộc, xinh xắn, nằm bên bờ sông Ðuống, từ lâu, đã đi vào cuộc sống tinh thần của mỗi người dân Việt Nam bằng những bức tranh dân gian nổi tiếng, đậm đà sắc thái dân tộc"
Làng tranh Đông Hồ,Tranh làng Ðông Hồ không phải vẽ theo cảm hứng nghệ thuật mà người dùng ta dùng ván để in. Ðể có những bản khắc đạt đến trình độ tinh xảo phải có người vẽ mẫu
Làng tranh Đông Hồ," Những người vẽ mẫu và bản khắc ván đòi hỏi họ phải có lòng yêu nghệ thuật và tâm hồn nghệ sĩ, đặc biệt phải có trình độ kỹ thuật cao. Công đoạn in tranh có lẽ không khó lắm bởi lẽ ai cũng có thể phết màu lên ván rồi in"
Làng tranh Đông Hồ," Giấy dùng in tranh là loại giấy dó mịn mặt. Trước khi in, giấy được bồi điệp làm nền, chất điệp óng ánh lấy từ vỏ con sò, con hến đã tạo nên chất liệu riêng biệt của tranh dân gian Ðông Hồ"
Làng tranh Đông Hồ," Ý hài hoà một cách tự nhiên. Các màu đã hoà quyện in tranh thường lấy từ chất liệu thiên nhiên: màu đen người ta phải đốt lá tre rồi lấy than của nó; màu xanh lấy từ vỏ và lá tràm, màu vàng lấy từ hoa hòe, màu đỏ thắm lấy từ thân, rễ cây vang, màu sơn lấy từ sỏi núi, màu trắng là điệp"
Làng tranh Đông Hồ,"Những năm gần đây có một số người khi in tranh đã từng dùng một số màu và hoá chất hiện đại, như thế sản phẩm có tăng nhưng chất liệu màu của tranh không tươi màu sắc nét như tranh làm truyền thống. Ðã thế, chỉ trong một thời gian ngắn màu sắc bị phai nhạt"
Làng tranh Đông Hồ," Tranh dân gian Ðông Hồ không áp dụng chặt chẽ về cơ thể học, các nguyên tắc về ánh sáng hay luật xa gần của tranh hiện đại. Những nghệ sĩ sáng tác tranh dân gian mang nhiều tính ước lệ trong bố cục, trong cách miêu tả về màu sắc"
Làng tranh Đông Hồ," Tất cả đều sử dụng lối vẽ đơn tuyến bình đồ để thể hiện, do đó xem tranh dân gian ta thường bắt gặp cái thú vị ở những nét ngây ngô đơn giản nhưng hợp lý, hợp tình. Không chỉ có người Hà Nội và cư dân một số tỉnh thành trong nước sành điệu, yêu thích tranh dân gian Ðông Hồ về tham quan tìm hiểu và chọn mua, mà không ít du khách, những người trong lĩnh vực hội hoạ, mỹ thuật của nước ngoài cũng đến để nghiên cứu về nghệ thuật tranh dân gian nổi tiếng của làng Hồ"
Di tích Hoàng Đình Giong,"Di tích Hoàng Đình Giong nằm tại làng Nà Toàn, đây là nơi sinh ra và nuôi dưỡng đồng chí Hoàng Đình Giong. Đồng chí là người dân tộc Tày, sinh năm 1904 là một trong những Đảng viên cộng sản đầu tiên của tỉnh Cao Bằng và cũng là người trực tiếp rèn luyện và xây dựng Đảng bộ Cao Bằng"
Di tích Hoàng Đình Giong," Năm 1925 - 1926 đồng chí là thanh niên yêu nước tiêu biểu của nhân dân các dân tộc Cao Bằng, khi theo học tại trường Bách Nghệ tại Hà Nội, đồng chí đã hoà mình vào cuộc đấu tranh của thanh niên tri thức cả nước đòi thả cụ Phan Bội Châu. Năm 1926-1927 ở Cao Bằng đã có Hội đánh Tây ở Hoà An, Hà Quảng"
Di tích Hoàng Đình Giong," Đồng chí đã có những hoạt động yêu nước, tiếp thu truyền đạt chủ nghĩa Mác - Lê Nin, đem ánh sáng cách mạng đến với nhân dân các dân tộc tỉnh Cao Bằng, nên bị thực dân Pháp theo dõi, truy nã; đồng chí đã tìm đường sang Quảng Tây - Trung Quốc, năm 1928 đồng chí được kết nạp vào tổ chức tại Trung Quốc rồi trở về tuyên truyền gây dựng cơ sở cách mạng ở Cao Bằng. Đồng chí Hoàng Đình Giong người con của dân tộc Cao Bằng, quá trình hoạt động trong và ngoài nước, kể cả trong nhà tù đế quốc, luôn hướng tới mục tiêu độc lập và phút hy sinh vẫn kiên cường, bất khuất"
Khu di tích Chủ tịch Hồ Chí Minh với chiến dịch biên giới 1950,"Khu di tích được đưa vào sử dụng ngày 19/05/2004, thể hiện đạo lý cao cả ”Uống nước nhớ nguồn “ đối với vị lãnh tụ thiên tài, vị cha già kính yêu của dân tộc. Khu gồm có: Nhà tưởng niệm được thiết kế với kiến trúc nhà sàn hiện đại, trưng bày những hình ảnh, hiện vật liên quan tới hoạt động của Bác trong chiến dịch và Cụm tượng đài Bác Hồ ngồi quan sát trận đánh trên núi Báo Đông"
Khu di tích Chủ tịch Hồ Chí Minh với chiến dịch biên giới 1950," Tượng đài Bác Hồ được mô phỏng theo bức ảnh của nghệ sỹ Vũ Năng An chụp, làm bằng vật liệu compozit giả đồng, cao 2,8 m, nặng 418 kg, cột bê tông cốt thép, toàn bộ bức tượng đặt trên bệ đá ốp gạch lát hoa. Đi qua 845 bậc đá, được chia thành 79 cung bậc, tượng trưng cho 79 mùa xuân của Bác là đến tượng đài"
Khu di tích Chủ tịch Hồ Chí Minh với chiến dịch biên giới 1950," Tại đây du khách được ngắm nhìn tư thế ung dung, lạc quan của vị Chủ tịch trực tiếp ra mặt trận chỉ huy trận đánh đồn Đông Khê thắng lợi vẻ vang trên đường số 4 Cao Bằng – Lạng Sơn, ngày 16/09/1950, mở màn cho chiến thắng Chiến dịch Biên giới năm 1950, tạo tiền đề cho cuộc kháng chiến vĩ đại của dân tộc. Tại đài quan sát, Bác đã làm một bài thơ nổi tiếng về khí thế và niềm tin tất thắng của dân tộc: Chống gậy lên non xem trận địa Vạn trùng núi đỡ vạn trùng mây Quân ta khí mạnh nuốt ngưu đẩu Thề diệt xâm lăng lũ sói cầy Tại khu di tích còn có đôi rồng bằng đá quý (dài 3,93m, cao 1,15m, đường kính 0,393m, nặng gần 9 tấn) đặt trên bệ đá cao 1,20m do những đôi bàn tay nghệ nhân từ vùng đất cố đô Hoa Lư (Ninh Bình) thực hiện"
Khu di tích Chủ tịch Hồ Chí Minh với chiến dịch biên giới 1950," Đôi rồng mang sinh khí từ đất thiêng Nghĩa Lĩnh, cội nguồn của dân tộc - biểu tượng cho sức mạnh đoàn kết, gắn bó không ngừng lớn mạnh của con cháu Rồng Tiên; thể hiện tình cảm thành kính củanhân dân tỉnh Phú Thọ đối với Bác Hồ."
Lễ hội Lồng Tồng,Lễ hội Lồng Tồng là lễ hội truyền thống lớn nhất trong năm của hai dân tộc Tày và Nùng sinh sống ở vùng đất Cao Bằng. Hãy cùng BDATrip khám phá nét độc đáo và bản sắc truyền thống trong lễ hội Lồng Tồng của người dân tại Cao Bằng nhé
Lễ hội Lồng Tồng," Lễ hội Lồng Tồng được tổ chức trên một thửa ruộng lớn để cầu xin Thần Nông ban phước lành cho dân chúng cũng như là cầu ước một mùa màng bội thu sẽ đến trong năm mới. Được tổ chức ra diễn ra từ ngày mùng 4 đến mùng 10 tháng Giêng, trong lễ hội có những nghi lễ chính như dâng hương, bái thần để bày tỏ lòng thành kính"
Lễ hội Lồng Tồng," Chủ trì lễ hội là người trông coi việc thờ cúng thần Nông của bản. Sau khi tiếng chiêng khai hội vang lên, các bô lão và tráng đinh rước kiệu thần Nông và Thành hoàng làng từ đình ra ruộng, các gia đình cũng có thể rước cỗ bày trên bãi hội"
Lễ hội Lồng Tồng," Trong nghi thức xuống đồng, thì những người đàn ông to khỏe, đức độ, cày giỏi và những con trâu khỏe nhất sẽ được chọn để vạch ra những đường cày đầu tiên của vụ mùa mới, mở đầu cho một vụ mùa sản xuất bội thu. Sau phần nghi lễ chính tại cánh đồng, lễ hội Lồng Tồng sẽ bước sang phần hội với nhiều hoạt động và trò chơi dân gian được diễn ra"
Lễ hội Lồng Tồng," Những trò chơi mang đậm nét văn hóa đặc trưng của người dân tộc nơi đây như là: ném còn, kéo co, đánh đu, múa lân, múa võ, hát giao duyên,… Ném còn là trò chơi dân gian vui nhất, được nhiều người tham gia nhất, xuất phát từ quan niệm khi nào có người tung được quả còn ngũ sắc xuyên qua hồng tâm sẽ đem lại may mắn, thuận lợi cho bản làng trong năm mới. Các chàng trai, cô gái Tày, Nùng chơi kéo co hay chia hai phe để biểu diễn đối cao giao duyên sli thể hiện những nghi thức mang ý nghĩa cầu mùa màng, cầu mưa, cầu nước trong lễ nghi tín ngưỡng cổ truyền từ thuở xa xưa"
Lễ hội Lồng Tồng," Đây cũng là dịp để người dân được giao lưu văn hóa, văn nghệ, trao đổi các kinh nghiệm phát triển kinh tế, xây dựng cuộc sống ngày càng tươi đẹp hơn. Từ xa xưa, lễ hội Tồng Lồng đã mang những nét đẹp văn hóa độc đáo, tạo khí thế trong công cuộc lao động sản xuất với niềm tin thắng lợi mới, góp phần giữ gìn và phát huy bản sắc văn hóa dân tộc của quê hương, đất nước"
Lễ hội Lồng Tồng," Đến tận ngày nay khi đời sống người dân đã được cải thiện, nâng cao hơn nhưng lễ hội vẫn còn được giữ lại những nét truyền thống của nó và ngày càng được phát triển, diễn ra sôi nổi, phong phú hơn. Các yếu tố dân gian mang ý nghĩa cổ truyền cũng được lưu giữ lại để giới thiệu cho du khách đếndu lịch Cao Bằngbiết đến"
Lễ hội Lồng Tồng," Du khách tới đây du lịch vào mùa lễ hội vừa được chiêm ngưỡng cảnh đẹp lại vừa có thể tìm hiểu thêm về nền văn hóa dân tộc, đời sống sinh hoạt của người dân vùng cao cũng như được tham gia trải nghiệm những trò chơi dân gian mang đậm nét cổ truyền dân tộc. Khi đến tham quan du lịch Cao Bằng, khám phá những danh lam thắng cảnh như: thác Bản Giốc, động Ngườm Ngao hay khu di tích Pác Bó, du khách đừng quên tham gia trải nghiệm lễ hội Lồng Tồng của người dân tại vùng đất địa linh nhân kiệt này nhé"
Lễ hội Lồng Tồng," Hãy tham khảo cáctour du lịch Cao Bằnghấp dẫn của chúng tôi và liên hệ ngay với BDATrip nhé. Với dịch vụ chuyên nghiệp, đội ngũ nhân viên tận tâm, chúng tôi sẽ hỗ trợ bạnđặt xe,vé máy baythuận tiện và giá tốt nhất, đồng thời cũng hỗ trợ xin cấpVietnam visacho khách nước ngoài"